chemical,water_type,month_start,metric,n,n_sites,nd_frac,mean_value,median_value,ci_low,ci_high
nitrate,groundwater,2016-06-01,mean,5,7,0.0,0.53899999999999992,NULL,0.33800000000000002,0.75980000000000003
nitrate,groundwater,2016-06-01,median,5,7,0.0,NULL,0.48499999999999999,0.223,0.96599999999999997
nitrate,groundwater,2016-07-01,mean,12,23,0.27586206896551724,3.8424166666666664,NULL,1.6801020833333336,6.2482812499999891
nitrate,groundwater,2016-07-01,median,12,23,0.27586206896551724,NULL,2.5049999999999999,0.51900000000000002,6.2800000000000002
nitrate,groundwater,2016-08-01,mean,16,22,0.30769230769230771,1.9652500000000002,NULL,1.1890984375,2.8235390624999992
nitrate,groundwater,2016-08-01,median,16,22,0.30769230769230771,NULL,1.5249999999999999,0.46400000000000002,3.2353749999999977
nitrate,groundwater,2016-09-01,mean,7,12,0.0,2.5028571428571427,NULL,1.0461285714285713,4.3938357142857143
nitrate,groundwater,2016-09-01,median,7,12,0.0,NULL,1.46,0.98799999999999999,3.46
nitrate,groundwater,2016-10-01,mean,2,3,0.54545454545454541,0.60699999999999998,NULL,0.60699999999999998,0.60699999999999998
nitrate,groundwater,2016-10-01,median,2,3,0.54545454545454541,NULL,0.60699999999999998,0.60699999999999998,0.60699999999999998
nitrate,groundwater,2016-11-01,mean,22,17,0.30303030303030304,1.6589545454545453,NULL,1.0003750816993464,2.1837192307692308
nitrate,groundwater,2016-11-01,median,22,17,0.30303030303030304,NULL,1.4299999999999999,0.73499999999999999,2.2400000000000002
nitrate,groundwater,2016-12-01,mean,4,4,0.0,0.73075000000000001,NULL,0.3115,1.1499999999999999
nitrate,groundwater,2016-12-01,median,4,4,0.0,NULL,0.6925,0.27800000000000002,1.26
nitrate,groundwater,2017-02-01,mean,3,2,0.0,1.9766666666666666,NULL,1.9766666666666666,1.9766666666666666
nitrate,groundwater,2017-02-01,median,3,2,0.0,NULL,2.1499999999999999,2.1499999999999999,2.1499999999999999
nitrate,groundwater,2017-03-01,mean,8,4,0.0,2.2104999999999997,NULL,0.52700000000000002,3.4405000000000001
nitrate,groundwater,2017-03-01,median,8,4,0.0,NULL,1.76,0.52700000000000002,2.0
nitrate,groundwater,2017-04-01,mean,96,116,0.2074074074074074,7.7731145833333324,NULL,6.5259419270833332,9.3284565641108248
nitrate,groundwater,2017-04-01,median,96,116,0.2074074074074074,NULL,6.2949999999999999,4.9895000000000005,8.1999999999999993
nitrate,groundwater,2017-05-01,mean,55,57,0.28205128205128205,3.963090909090909,NULL,2.9511841287878786,5.2564635487755922
nitrate,groundwater,2017-05-01,median,55,57,0.28205128205128205,NULL,2.46,2.04,3.3853749999999976
nitrate,groundwater,2017-08-01,mean,19,16,0.27586206896551724,0.96031578947368412,NULL,0.49143694852941183,1.3696395021645023
nitrate,groundwater,2017-08-01,median,19,16,0.27586206896551724,NULL,0.56899999999999995,0.33600000000000002,1.0900000000000001
nitrate,groundwater,2017-09-01,mean,4,12,0.2857142857142857,6.0499999999999998E-2,NULL,4.9500000000000002E-2,7.1500000000000008E-2
nitrate,groundwater,2017-09-01,median,4,12,0.2857142857142857,NULL,5.9999999999999998E-2,4.8000000000000001E-2,7.3999999999999996E-2
nitrate,groundwater,2017-12-01,mean,17,16,0.22222222222222221,1.3424705882352941,NULL,0.58923392857142853,2.3565240896358541
nitrate,groundwater,2017-12-01,median,17,16,0.22222222222222221,NULL,0.89700000000000002,0.435,1.1000000000000001
nitrate,groundwater,2018-05-01,mean,17,34,0.21276595744680851,1.354235294117647,NULL,0.68042772727272727,2.110609926470588
nitrate,groundwater,2018-05-01,median,17,34,0.21276595744680851,NULL,0.52700000000000002,0.249,2.3100000000000001
nitrate,groundwater,2018-08-01,mean,7,7,0.0,9.6457142857142859,NULL,5.9478571428571421,12.704964285714276
nitrate,groundwater,2018-08-01,median,7,7,0.0,NULL,12.0,4.1500000000000004,12.9
nitrate,groundwater,2018-09-01,mean,13,13,0.55172413793103448,1.1463076923076925,NULL,0.4244615384615385,1.8764633333333331
nitrate,groundwater,2018-09-01,median,13,13,0.55172413793103448,NULL,0.58799999999999997,0.20300000000000001,1.9399999999999999
nitrate,groundwater,2018-10-01,mean,15,34,0.0,1.8052666666666668,NULL,1.226175,2.5305816666666652
nitrate,groundwater,2018-10-01,median,15,34,0.0,NULL,1.5,1.1100000000000001,1.98
nitrate,groundwater,2019-08-01,mean,9,6,0.47058823529411764,1.6503333333333332,NULL,0.32100000000000001,2.1616153846153843
nitrate,groundwater,2019-08-01,median,9,6,0.47058823529411764,NULL,1.02,0.129,2.4300000000000002
nitrate,groundwater,2019-10-01,mean,7,26,0.21052631578947367,0.66914285714285715,NULL,0.39200000000000007,0.87575000000000014
nitrate,groundwater,2019-10-01,median,7,26,0.21052631578947367,NULL,0.627,0.39200000000000002,0.90300000000000002
nitrate,groundwater,2023-08-01,mean,4,15,0.0,11.532499999999999,NULL,2.4649999999999999,23.795000000000002
nitrate,groundwater,2023-08-01,median,4,15,0.0,NULL,6.3900000000000006,2.4500000000000002,30.899999999999999
nitrate,surface_water,2016-01-01,mean,4,3,0.0,2.6219999999999999,NULL,3.3999999999999996E-2,9.3499999999999996
nitrate,surface_water,2016-01-01,median,4,3,0.0,NULL,0.55649999999999999,3.4000000000000002E-2,9.3499999999999996
nitrate,surface_water,2016-02-01,mean,4,3,0.0,5.0892499999999998,NULL,2.1000000000000001E-2,9.8350000000000009
nitrate,surface_water,2016-02-01,median,4,3,0.0,NULL,5.1180000000000003,2.1000000000000001E-2,9.8350000000000009
nitrate,surface_water,2016-03-01,mean,5,3,0.0,3.4378000000000002,NULL,0.02,8.1549999999999994
nitrate,surface_water,2016-03-01,median,5,3,0.0,NULL,0.44,0.02,8.1549999999999994
nitrate,surface_water,2016-04-01,mean,5,3,0.2857142857142857,1.5051999999999999,NULL,0.02,3.48
nitrate,surface_water,2016-04-01,median,5,3,0.2857142857142857,NULL,0.32200000000000001,0.02,3.3500000000000001
nitrate,surface_water,2016-05-01,mean,5,4,0.44444444444444442,1.7288000000000001,NULL,0.47700000000000004,2.563333333333333
nitrate,surface_water,2016-05-01,median,5,4,0.44444444444444442,NULL,2.3199999999999998,0.47699999999999998,2.6200000000000001
nitrate,surface_water,2016-06-01,mean,5,3,0.2857142857142857,2.2079999999999997,NULL,0.68999999999999995,3.2200000000000002
nitrate,surface_water,2016-06-01,median,5,3,0.2857142857142857,NULL,2.9900000000000002,0.68999999999999995,3.21
nitrate,surface_water,2016-07-01,mean,5,4,0.5,2.4962,NULL,0.95050000000000012,3.5266666666666668
nitrate,surface_water,2016-07-01,median,5,4,0.5,NULL,3.25,0.95050000000000012,3.6099999999999999
nitrate,surface_water,2016-08-01,mean,7,5,0.20000000000000001,1.6304285714285716,NULL,2.1000000000000001E-2,2.8484000000000003
nitrate,surface_water,2016-08-01,median,7,5,0.20000000000000001,NULL,1.0900000000000001,0.014,3.1699999999999999
nitrate,surface_water,2016-09-01,mean,4,4,0.33333333333333331,1.663,NULL,2.2000000000000002E-2,2.7200000000000002
nitrate,surface_water,2016-09-01,median,4,4,0.33333333333333331,NULL,1.885,2.1999999999999999E-2,2.7199999999999998
nitrate,surface_water,2016-10-01,mean,4,4,0.33333333333333331,1.4032499999999999,NULL,2.5999999999999999E-2,4.6799999999999997
nitrate,surface_water,2016-10-01,median,4,4,0.33333333333333331,NULL,0.45650000000000002,2.6000000000000002E-2,4.6799999999999997
nitrate,surface_water,2016-11-01,mean,4,3,0.0,2.1822499999999998,NULL,2.4499999999999997E-2,7.7600000000000007
nitrate,surface_water,2016-11-01,median,4,3,0.0,NULL,0.47300000000000003,2.4500000000000001E-2,7.7599999999999998
nitrate,surface_water,2016-12-01,mean,3,3,0.40000000000000002,3.298,NULL,2.4000000000000004E-2,8.5500000000000007
nitrate,surface_water,2016-12-01,median,3,3,0.40000000000000002,NULL,1.3200000000000001,0.024,8.5500000000000007
nitrate,surface_water,2017-01-01,mean,4,3,0.0,2.2872500000000002,NULL,2.4499999999999997E-2,7.9699999999999998
nitrate,surface_water,2017-01-01,median,4,3,0.0,NULL,0.5784999999999999,2.4500000000000001E-2,7.9699999999999998
nitrate,surface_water,2017-02-01,mean,4,3,0.0,5.6555,NULL,2.2000000000000002E-2,10.755000000000001
nitrate,surface_water,2017-02-01,median,4,3,0.0,NULL,4.7000000000000002,2.1999999999999999E-2,10.754999999999999
nitrate,surface_water,2017-03-01,mean,6,4,0.0,4.6550000000000002,NULL,0.02,10.931428571428571
nitrate,surface_water,2017-03-01,median,6,4,0.0,NULL,1.1949999999999998,0.02,12.0
nitrate,surface_water,2017-04-01,mean,25,27,0.24242424242424243,6.8059199999999986,NULL,5.1909309178743959,8.5619409655172412
nitrate,surface_water,2017-04-01,median,25,27,0.24242424242424243,NULL,5.96,5.1500000000000004,9.2300000000000004
nitrate,surface_water,2017-05-01,mean,7,5,0.0,2.0798571428571426,NULL,0.36850000000000005,3.7357142857142853
nitrate,surface_water,2017-05-01,median,7,5,0.0,NULL,1.3500000000000001,0.16950000000000001,4.3049999999999997
nitrate,surface_water,2017-06-01,mean,5,4,0.44444444444444442,1.9454,NULL,0.55349999999999999,2.8733333333333331
nitrate,surface_water,2017-06-01,median,5,4,0.44444444444444442,NULL,2.5299999999999998,0.55349999999999999,2.6600000000000001
nitrate,surface_water,2017-07-01,mean,5,4,0.44444444444444442,2.46,NULL,1.1799999999999999,3.3133333333333339
nitrate,surface_water,2017-07-01,median,5,4,0.44444444444444442,NULL,3.1800000000000002,1.1799999999999999,3.3100000000000001
nitrate,surface_water,2017-08-01,mean,6,3,0.0,2.3414999999999999,NULL,0.019,3.7866666666666666
nitrate,surface_water,2017-08-01,median,6,3,0.0,NULL,2.4750000000000001,0.019,3.7400000000000002
nitrate,surface_water,2017-09-01,mean,2,3,0.5,2.355,NULL,1.54,3.1699999999999999
nitrate,surface_water,2017-09-01,median,2,3,0.5,NULL,2.355,1.54,3.1699999999999999
nitrate,surface_water,2017-10-01,mean,3,4,0.5714285714285714,1.5580000000000001,NULL,4.4000000000000004E-2,2.7900000000000005
nitrate,surface_water,2017-10-01,median,3,4,0.5714285714285714,NULL,1.8400000000000001,4.3999999999999997E-2,2.79
nitrate,surface_water,2017-11-01,mean,5,4,0.0,1.9339999999999999,NULL,0.02,6.0655000000000001
nitrate,surface_water,2017-11-01,median,5,4,0.0,NULL,0.023,2.1999999999999999E-2,8.0800000000000001
nitrate,surface_water,2017-12-01,mean,5,4,0.0,2.1745999999999999,NULL,0.22842857142857143,6.5499999999999998
nitrate,surface_water,2017-12-01,median,5,4,0.0,NULL,1.1200000000000001,8.1000000000000003E-2,8.3599999999999994
nitrate,surface_water,2018-01-01,mean,4,3,0.0,2.5230000000000001,NULL,2.9499999999999998E-2,9.1899999999999995
nitrate,surface_water,2018-01-01,median,4,3,0.0,NULL,0.44,2.9499999999999998E-2,9.1899999999999995
nitrate,surface_water,2018-02-01,mean,4,4,0.33333333333333331,4.7952500000000002,NULL,0.019,9.1649999999999991
nitrate,surface_water,2018-02-01,median,4,4,0.33333333333333331,NULL,4.891,0.019,9.1649999999999991
nitrate,surface_water,2018-03-01,mean,5,3,0.0,3.3718000000000004,NULL,1.2000000000000002E-2,7.8550000000000004
nitrate,surface_water,2018-03-01,median,5,3,0.0,NULL,0.68100000000000005,0.012,7.8550000000000004
nitrate,surface_water,2018-04-01,mean,4,3,0.33333333333333331,1.73875,NULL,0.36250000000000004,3.1150000000000002
nitrate,surface_water,2018-04-01,median,4,3,0.33333333333333331,NULL,1.641,0.36250000000000004,3.1150000000000002
nitrate,surface_water,2018-05-01,mean,6,4,0.25,1.2860000000000003,NULL,0.121,2.3399999999999999
nitrate,surface_water,2018-05-01,median,6,4,0.25,NULL,1.2675000000000001,0.121,2.3799999999999999
nitrate,surface_water,2018-06-01,mean,7,5,0.36363636363636365,1.733857142857143,NULL,0.83350000000000002,2.3933333333333331
nitrate,surface_water,2018-06-01,median,7,5,0.36363636363636365,NULL,1.74,0.83350000000000002,2.3199999999999998
nitrate,surface_water,2018-07-01,mean,6,5,0.25,1.9476666666666667,NULL,0.24050000000000002,3.0429999999999997
nitrate,surface_water,2018-07-01,median,6,5,0.25,NULL,1.9915,1.2999999999999999E-2,3.1499999999999999
nitrate,surface_water,2018-08-01,mean,6,5,0.40000000000000002,2.2608333333333337,NULL,0.83799999999999997,3.5666666666666669
nitrate,surface_water,2018-08-01,median,6,5,0.40000000000000002,NULL,2.2250000000000001,0.83799999999999997,3.4700000000000002
nitrate,surface_water,2018-09-01,mean,9,8,0.18181818181818182,1.337,NULL,0.70433333333333337,2.0468055555555549
nitrate,surface_water,2018-09-01,median,9,8,0.18181818181818182,NULL,1.3600000000000001,0.60199999999999998,2.6299999999999999
nitrate,surface_water,2018-10-01,mean,7,7,0.22222222222222221,1.3291428571428574,NULL,0.55355555555555558,2.1483333333333334
nitrate,surface_water,2018-10-01,median,7,7,0.22222222222222221,NULL,1.6200000000000001,0.062,2.2850000000000001
nitrate,surface_water,2018-11-01,mean,6,6,0.25,1.7498333333333334,NULL,0.360875,4.4120000000000008
nitrate,surface_water,2018-11-01,median,6,6,0.25,NULL,1.29,0.047,6.4800000000000004
nitrate,surface_water,2018-12-01,mean,7,6,0.0,2.1464285714285714,NULL,0.61277777777777787,5.0249999999999995
nitrate,surface_water,2018-12-01,median,7,6,0.0,NULL,1.3899999999999999,3.4000000000000002E-2,5.375
nitrate,surface_water,2019-01-01,mean,3,3,0.0,0.72900000000000009,NULL,0.027,1.0800000000000001
nitrate,surface_water,2019-01-01,median,3,3,0.0,NULL,1.0800000000000001,0.027,1.0800000000000001
nitrate,surface_water,2019-02-01,mean,2,1,0.0,2.335,NULL,2.335,2.335
nitrate,surface_water,2019-02-01,median,2,1,0.0,NULL,2.335,2.335,2.335
nitrate,surface_water,2019-03-01,mean,9,6,0.0,2.8609999999999998,NULL,0.5260999999999999,6.3068
nitrate,surface_water,2019-03-01,median,9,6,0.0,NULL,1.25,2.1000000000000001E-2,9.3900000000000006
nitrate,surface_water,2019-04-01,mean,7,6,0.22222222222222221,1.4988571428571427,NULL,0.27000000000000002,3.2182500000000003
nitrate,surface_water,2019-04-01,median,7,6,0.22222222222222221,NULL,0.51200000000000001,0.25700000000000001,3.1699999999999999
nitrate,surface_water,2019-05-01,mean,10,7,0.0,2.2008999999999999,NULL,0.72999999999999998,4.1899999999999995
nitrate,surface_water,2019-05-01,median,10,7,0.0,NULL,1.3185,0.75600000000000001,2.6899999999999999
nitrate,surface_water,2019-06-01,mean,6,6,0.40000000000000002,1.6856666666666664,NULL,0.86299999999999999,2.9015714285714287
nitrate,surface_water,2019-06-01,median,6,6,0.40000000000000002,NULL,0.94399999999999995,0.81100000000000005,2.8500000000000001
nitrate,surface_water,2019-07-01,mean,11,9,0.26666666666666666,2.1300909090909088,NULL,0.59020833333333333,3.739159374999999
nitrate,surface_water,2019-07-01,median,11,9,0.26666666666666666,NULL,1.1799999999999999,0.42499999999999999,3.2599999999999998
nitrate,surface_water,2019-08-01,mean,13,10,0.0,2.0756153846153849,NULL,0.51579795454545463,3.6705313311688301
nitrate,surface_water,2019-08-01,median,13,10,0.0,NULL,1.2,0.10000000000000001,3.9700000000000002
nitrate,surface_water,2019-09-01,mean,10,7,0.0,1.8742000000000001,NULL,0.56510000000000005,3.696361111111111
nitrate,surface_water,2019-09-01,median,10,7,0.0,NULL,0.95699999999999996,0.27600000000000002,2.75
nitrate,surface_water,2019-10-01,mean,8,8,0.20000000000000001,1.1415,NULL,0.46022181818181823,1.9541821428571426
nitrate,surface_water,2019-10-01,median,8,8,0.20000000000000001,NULL,1.2544999999999999,4.2000000000000003E-2,1.8500000000000001
nitrate,surface_water,2019-11-01,mean,6,6,0.25,1.9521666666666668,NULL,0.44487499999999996,4.6540000000000008
nitrate,surface_water,2019-11-01,median,6,6,0.25,NULL,1.5800000000000001,0.039,4.1619999999999893
nitrate,surface_water,2019-12-01,mean,12,8,0.0,2.9009166666666668,NULL,0.95549755244755252,5.453320833333331
nitrate,surface_water,2019-12-01,median,12,8,0.0,NULL,1.7549999999999999,0.39300000000000002,7.9800000000000004
nitrate,surface_water,2020-01-01,mean,9,8,0.0,2.2810000000000001,NULL,0.69745499999999994,4.5141336805555543
nitrate,surface_water,2020-01-01,median,9,8,0.0,NULL,0.96599999999999997,2.8000000000000001E-2,6.0800000000000001
nitrate,surface_water,2020-02-01,mean,9,7,0.0,2.7553333333333332,NULL,0.53655555555555556,5.0118783333333239
nitrate,surface_water,2020-02-01,median,9,7,0.0,NULL,0.95599999999999996,0.027,6.3899999999999997
nitrate,surface_water,2020-03-01,mean,14,9,0.0,2.8017857142857143,NULL,0.7816749999999999,4.9745049999999971
nitrate,surface_water,2020-03-01,median,14,9,0.0,NULL,0.92599999999999993,0.63900000000000001,6.6750000000000007
nitrate,surface_water,2020-04-01,mean,13,8,0.0,2.2333076923076924,NULL,0.53941363636363648,4.5385
nitrate,surface_water,2020-04-01,median,13,8,0.0,NULL,0.626,0.317,2.9500000000000002
nitrate,surface_water,2020-05-01,mean,13,8,0.0,2.1373846153846152,NULL,0.53417499999999996,4.3935714285714287
nitrate,surface_water,2020-05-01,median,13,8,0.0,NULL,0.69299999999999995,0.186,2.1000000000000001
nitrate,surface_water,2020-06-01,mean,9,8,0.30769230769230771,2.2058888888888886,NULL,0.5013333333333333,3.5320909090909094
nitrate,surface_water,2020-06-01,median,9,8,0.30769230769230771,NULL,0.90600000000000003,0.55700000000000005,2.6699999999999999
nitrate,surface_water,2020-07-01,mean,9,7,0.18181818181818182,2.1861111111111113,NULL,0.52500000000000002,4.3126249999999997
nitrate,surface_water,2020-07-01,median,9,7,0.18181818181818182,NULL,0.77400000000000002,0.58299999999999996,2.9649999999999999
nitrate,surface_water,2020-08-01,mean,9,7,0.0,1.1433333333333333,NULL,0.28457142857142859,2.0881818181818188
nitrate,surface_water,2020-08-01,median,9,7,0.0,NULL,0.93100000000000005,2.9000000000000001E-2,2.9900000000000002
nitrate,surface_water,2020-09-01,mean,6,7,0.40000000000000002,1.5198333333333334,NULL,0.52339999999999998,2.335
nitrate,surface_water,2020-09-01,median,6,7,0.40000000000000002,NULL,1.22,5.8999999999999997E-2,2.4399999999999999
nitrate,surface_water,2020-10-01,mean,7,6,0.0,0.77899999999999991,NULL,0.19277777777777777,1.6199999999999999
nitrate,surface_water,2020-10-01,median,7,6,0.0,NULL,3.4000000000000002E-2,0.02,1.9199999999999999
nitrate,surface_water,2020-11-01,mean,5,5,0.2857142857142857,2.101,NULL,0.27071428571428569,5.9399999999999995
nitrate,surface_water,2020-11-01,median,5,5,0.2857142857142857,NULL,1.23,3.4000000000000002E-2,7.5099999999999998
nitrate,surface_water,2020-12-01,mean,5,4,0.0,2.4652000000000003,NULL,0.16866666666666666,7.1834999999999996
nitrate,surface_water,2020-12-01,median,5,4,0.0,NULL,0.44400000000000001,3.5000000000000003E-2,9.4299999999999997
nitrate,surface_water,2021-01-01,mean,6,5,0.0,3.0256666666666665,NULL,0.31642857142857139,6.8186000000000009
nitrate,surface_water,2021-01-01,median,6,5,0.0,NULL,0.77099999999999991,2.8000000000000001E-2,9.0899999999999999
nitrate,surface_water,2021-02-01,mean,6,6,0.0,2.1001666666666665,NULL,0.25750000000000001,4.8023333333333333
nitrate,surface_water,2021-02-01,median,6,6,0.0,NULL,0.73850000000000005,1.7000000000000001E-2,5.5449999999999999
nitrate,surface_water,2021-03-01,mean,6,4,0.0,2.7033333333333331,NULL,1.4499999999999999E-2,6.4390000000000001
nitrate,surface_water,2021-03-01,median,6,4,0.0,NULL,0.58549999999999991,1.2999999999999999E-2,7.2300000000000004
nitrate,surface_water,2021-04-01,mean,11,7,0.15384615384615385,2.6396363636363636,NULL,0.61230000000000007,5.3802727272727271
nitrate,surface_water,2021-04-01,median,11,7,0.15384615384615385,NULL,2.04,0.34799999999999998,8.5299999999999994
nitrate,surface_water,2021-05-01,mean,12,8,0.14285714285714285,2.3179166666666666,NULL,0.48277777777777786,4.8459416666666666
nitrate,surface_water,2021-05-01,median,12,8,0.14285714285714285,NULL,1.73,8.9999999999999997E-2,5.1099999999999994
nitrate,surface_water,2021-06-01,mean,7,6,0.22222222222222221,3.4194285714285719,NULL,0.57866666666666655,6.8637156249999656
nitrate,surface_water,2021-06-01,median,7,6,0.22222222222222221,NULL,1.3700000000000001,0.223,8.8699999999999992
nitrate,surface_water,2021-07-01,mean,8,7,0.20000000000000001,2.3821249999999998,NULL,0.28330416666666669,4.5210081249999998
nitrate,surface_water,2021-07-01,median,8,7,0.20000000000000001,NULL,1.6509999999999998,1.4999999999999999E-2,4.7509999999999994
nitrate,surface_water,2021-08-01,mean,10,7,0.2857142857142857,2.7177999999999995,NULL,0.28425,5.5341666666666667
nitrate,surface_water,2021-08-01,median,10,7,0.2857142857142857,NULL,1.8694999999999999,7.3999999999999996E-2,8.0999999999999996
nitrate,surface_water,2021-09-01,mean,5,4,0.0,1.1796000000000002,NULL,3.2500000000000001E-2,1.9443333333333337
nitrate,surface_water,2021-09-01,median,5,4,0.0,NULL,0.99299999999999999,1.0999999999999999E-2,2.54
nitrate,surface_water,2021-10-01,mean,5,5,0.2857142857142857,1.8526,NULL,0.09633333333333334,6.2727499999999994
nitrate,surface_water,2021-10-01,median,5,5,0.2857142857142857,NULL,0.221,3.6999999999999998E-2,8.2899999999999991
nitrate,surface_water,2021-11-01,mean,5,5,0.2857142857142857,1.3077999999999999,NULL,3.7666666666666661E-2,4.0887500000000001
nitrate,surface_water,2021-11-01,median,5,5,0.2857142857142857,NULL,6.5000000000000002E-2,2.5999999999999999E-2,5.4299999999999997
nitrate,surface_water,2021-12-01,mean,4,3,0.0,2.4347500000000002,NULL,2.2000000000000002E-2,8.9000000000000004
nitrate,surface_water,2021-12-01,median,4,3,0.0,NULL,0.40950000000000003,2.1999999999999999E-2,8.9000000000000004
nitrate,surface_water,2022-01-01,mean,7,6,0.0,2.6778571428571429,NULL,0.50112499999999993,5.6885000000000003
nitrate,surface_water,2022-01-01,median,7,6,0.0,NULL,0.53600000000000003,0.02,7.1799999999999997
nitrate,surface_water,2022-02-01,mean,4,4,0.0,2.2762499999999997,NULL,0.0235,6.2332500000000008
nitrate,surface_water,2022-02-01,median,4,4,0.0,NULL,0.39550000000000002,0.014,8.3000000000000007
nitrate,surface_water,2022-03-01,mean,5,5,0.44444444444444442,2.5933999999999999,NULL,0.016,6.1200000000000001
nitrate,surface_water,2022-03-01,median,5,5,0.44444444444444442,NULL,0.41399999999999998,0.016,6.1200000000000001
nitrate,surface_water,2022-04-01,mean,5,4,0.2857142857142857,1.0934000000000001,NULL,1.2000000000000002E-2,2.3249999999999997
nitrate,surface_water,2022-04-01,median,5,4,0.2857142857142857,NULL,0.40699999999999997,0.012,2.3250000000000002
nitrate,surface_water,2022-05-01,mean,7,5,0.22222222222222221,0.98642857142857143,NULL,1.8500000000000003E-2,1.8137000000000001
nitrate,surface_water,2022-05-01,median,7,5,0.22222222222222221,NULL,0.51200000000000001,1.7000000000000001E-2,1.97
nitrate,surface_water,2022-06-01,mean,5,4,0.44444444444444442,1.5464,NULL,0.41100000000000003,2.3033333333333341
nitrate,surface_water,2022-06-01,median,5,4,0.44444444444444442,NULL,2.2000000000000002,0.41100000000000003,2.2400000000000002
nitrate,surface_water,2022-07-01,mean,7,5,0.22222222222222221,1.4724285714285714,NULL,0.019,2.6231
nitrate,surface_water,2022-07-01,median,7,5,0.22222222222222221,NULL,0.93000000000000005,1.0999999999999999E-2,2.8999999999999999
nitrate,surface_water,2022-08-01,mean,7,5,0.22222222222222221,1.5474285714285714,NULL,2.1750000000000002E-2,2.7591000000000001
nitrate,surface_water,2022-08-01,median,7,5,0.22222222222222221,NULL,0.82699999999999996,2.1000000000000001E-2,3.04
nitrate,surface_water,2022-09-01,mean,4,3,0.0,1.5600000000000001,NULL,1.7999999999999999E-2,2.6549999999999998
nitrate,surface_water,2022-09-01,median,4,3,0.0,NULL,1.716,1.7999999999999999E-2,2.6550000000000002
nitrate,surface_water,2022-10-01,mean,4,5,0.5,1.6332500000000001,NULL,1.6500000000000001E-2,5.2199999999999998
nitrate,surface_water,2022-10-01,median,4,5,0.5,NULL,0.64849999999999997,1.6500000000000001E-2,5.2199999999999998
nitrate,surface_water,2022-11-01,mean,4,4,0.33333333333333331,2.2875000000000001,NULL,6.5000000000000002E-2,7.7399999999999993
nitrate,surface_water,2022-11-01,median,4,4,0.33333333333333331,NULL,0.68049999999999999,6.5000000000000002E-2,7.7400000000000002
nitrate,surface_water,2022-12-01,mean,2,2,0.0,4.4950000000000001,NULL,1.3,7.6900000000000004
nitrate,surface_water,2022-12-01,median,2,2,0.0,NULL,4.4950000000000001,1.3,7.6900000000000004
nitrate,surface_water,2023-01-01,mean,4,3,0.0,1.964,NULL,3.0499999999999999E-2,6.96
nitrate,surface_water,2023-01-01,median,4,3,0.0,NULL,0.433,3.0499999999999999E-2,6.96
nitrate,surface_water,2023-02-01,mean,4,3,0.0,3.9837500000000001,NULL,1.2000000000000002E-2,7.5450000000000008
nitrate,surface_water,2023-02-01,median,4,3,0.0,NULL,4.0564999999999998,0.012,7.5449999999999999
nitrate,surface_water,2023-03-01,mean,5,3,0.0,2.9403999999999999,NULL,0.01,6.6500000000000012
nitrate,surface_water,2023-03-01,median,5,3,0.0,NULL,0.69799999999999995,0.01,5.9100000000000001
nitrate,surface_water,2023-04-01,mean,5,5,0.44444444444444442,1.7358,NULL,2.9000000000000001E-2,3.7349999999999999
nitrate,surface_water,2023-04-01,median,5,5,0.44444444444444442,NULL,0.622,2.9000000000000001E-2,3.7350000000000003
nitrate,surface_water,2023-05-01,mean,6,4,0.25,1.2638333333333334,NULL,1.7999999999999999E-2,2.2000000000000002
nitrate,surface_water,2023-05-01,median,6,4,0.25,NULL,1.1134999999999999,1.7999999999999999E-2,2.23
nitrate,surface_water,2023-06-01,mean,5,5,0.44444444444444442,1.1954,NULL,3.3000000000000002E-2,2.1600000000000001
nitrate,surface_water,2023-06-01,median,5,5,0.44444444444444442,NULL,0.81299999999999994,3.3000000000000002E-2,2.1600000000000001
nitrate,surface_water,2023-07-01,mean,1,2,0.66666666666666663,2.25,NULL,2.25,2.25
nitrate,surface_water,2023-07-01,median,1,2,0.66666666666666663,NULL,2.25,2.25,2.25
nitrate,surface_water,2023-08-01,mean,3,4,0.40000000000000002,1.129,NULL,1.2999999999999999E-2,2.4900000000000002
nitrate,surface_water,2023-08-01,median,3,4,0.40000000000000002,NULL,0.88400000000000001,1.2999999999999999E-2,2.4900000000000002
ortho,groundwater,2016-06-01,mean,5,5,0.0,6.4200000000000007E-2,NULL,0.0424,8.6199999999999985E-2
ortho,groundwater,2016-06-01,median,5,5,0.0,NULL,7.0000000000000007E-2,0.024,0.10199999999999999
ortho,groundwater,2016-07-01,mean,16,16,0.0,3.5562500000000004E-2,NULL,3.0062499999999999E-2,4.1812500000000002E-2
ortho,groundwater,2016-07-01,median,16,16,0.0,NULL,0.031,2.8000000000000001E-2,4.2000000000000003E-2
ortho,groundwater,2016-08-01,mean,20,20,0.0,4.6050000000000008E-2,NULL,3.0950000000000005E-2,6.7952499999999985E-2
ortho,groundwater,2016-08-01,median,20,20,0.0,NULL,3.2500000000000001E-2,2.1499999999999998E-2,4.5999999999999999E-2
ortho,groundwater,2016-09-01,mean,7,7,0.0,3.1142857142857142E-2,NULL,1.1714285714285715E-2,6.0428571428571429E-2
ortho,groundwater,2016-09-01,median,7,7,0.0,NULL,0.02,0.01,0.039
ortho,groundwater,2016-10-01,mean,5,1,0.0,8.7999999999999995E-2,NULL,8.7999999999999995E-2,8.7999999999999995E-2
ortho,groundwater,2016-10-01,median,5,1,0.0,NULL,5.3999999999999999E-2,5.3999999999999999E-2,5.3999999999999999E-2
ortho,groundwater,2016-11-01,mean,27,16,0.0,0.1051111111111111,NULL,6.1624375000000009E-2,0.13648394736842101
ortho,groundwater,2016-11-01,median,27,16,0.0,NULL,8.9999999999999997E-2,2.5999999999999999E-2,0.12756249999999966
ortho,groundwater,2016-12-01,mean,4,4,0.0,3.6499999999999998E-2,NULL,1.4499999999999999E-2,7.3749999999999996E-2
ortho,groundwater,2016-12-01,median,4,4,0.0,NULL,2.1499999999999998E-2,0.014,8.8999999999999996E-2
ortho,groundwater,2017-02-01,mean,3,1,0.0,7.5666666666666674E-2,NULL,7.5666666666666674E-2,7.5666666666666674E-2
ortho,groundwater,2017-02-01,median,3,1,0.0,NULL,6.7000000000000004E-2,6.7000000000000004E-2,6.7000000000000004E-2
ortho,groundwater,2017-03-01,mean,8,4,0.0,0.10012500000000001,NULL,7.4499999999999997E-2,0.127
ortho,groundwater,2017-03-01,median,8,4,0.0,NULL,0.10050000000000001,8.7999999999999995E-2,0.151
ortho,groundwater,2017-05-01,mean,25,15,0.0,7.1879999999999999E-2,NULL,4.6256578947368419E-2,9.1241594827586203E-2
ortho,groundwater,2017-05-01,median,25,15,0.0,NULL,0.055,2.8000000000000001E-2,8.0500000000000002E-2
ortho,groundwater,2017-08-01,mean,22,14,8.3333333333333329E-2,9.6318181818181831E-2,NULL,5.2240178571428562E-2,0.13222435897435897
ortho,groundwater,2017-08-01,median,22,14,8.3333333333333329E-2,NULL,0.078,2.9999999999999999E-2,0.17799999999999999
ortho,groundwater,2017-09-01,mean,2,6,0.80000000000000004,8.5000000000000006E-3,NULL,7.0000000000000001E-3,0.01
ortho,groundwater,2017-09-01,median,2,6,0.80000000000000004,NULL,8.5000000000000006E-3,7.0000000000000001E-3,0.01
ortho,groundwater,2017-12-01,mean,20,12,0.0,7.1750000000000008E-2,NULL,4.2708928571428571E-2,0.09623173076923075
ortho,groundwater,2017-12-01,median,20,12,0.0,NULL,5.6499999999999995E-2,3.6999999999999998E-2,0.10652499999999987
ortho,groundwater,2018-05-01,mean,22,14,0.0,9.8681818181818176E-2,NULL,5.0686562500000004E-2,0.13123392857142857
ortho,groundwater,2018-05-01,median,22,14,0.0,NULL,7.2000000000000008E-2,3.6999999999999998E-2,0.14249999999999999
ortho,groundwater,2018-08-01,mean,7,7,0.0,8.5714285714285719E-3,NULL,7.0000000000000001E-3,1.0285714285714287E-2
ortho,groundwater,2018-08-01,median,7,7,0.0,NULL,8.0000000000000002E-3,7.0000000000000001E-3,0.012
ortho,groundwater,2018-09-01,mean,21,13,0.0,0.08204761904761905,NULL,4.9998333333333332E-2,0.10626277777777776
ortho,groundwater,2018-09-01,median,21,13,0.0,NULL,0.063,4.1000000000000002E-2,0.14699999999999999
ortho,groundwater,2018-10-01,mean,15,15,0.0,2.1133333333333334E-2,NULL,1.5333333333333334E-2,2.8333333333333339E-2
ortho,groundwater,2018-10-01,median,15,15,0.0,NULL,1.7999999999999999E-2,0.016,2.5000000000000001E-2
ortho,groundwater,2019-08-01,mean,13,6,0.0,5.3307692307692313E-2,NULL,2.5333333333333333E-2,0.0724011666666666
ortho,groundwater,2019-08-01,median,13,6,0.0,NULL,4.2999999999999997E-2,2.1000000000000001E-2,7.8999999999999987E-2
ortho,groundwater,2019-10-01,mean,11,6,0.0,4.5363636363636356E-2,NULL,2.0833333333333332E-2,0.05475
ortho,groundwater,2019-10-01,median,11,6,0.0,NULL,0.039,0.014,5.8999999999999997E-2
ortho,groundwater,2020-09-01,mean,2,2,0.0,8.9499999999999996E-2,NULL,0.078,0.10100000000000001
ortho,groundwater,2020-09-01,median,2,2,0.0,NULL,8.9499999999999996E-2,0.078,0.10100000000000001
ortho,groundwater,2020-10-01,mean,8,8,0.0,6.8374999999999991E-2,NULL,4.8250000000000001E-2,8.7128124999999973E-2
ortho,groundwater,2020-10-01,median,8,8,0.0,NULL,6.7000000000000004E-2,3.4000000000000002E-2,0.10199999999999999
ortho,groundwater,2020-12-01,mean,4,4,0.0,6.6000000000000003E-2,NULL,5.4749999999999993E-2,7.3499999999999996E-2
ortho,groundwater,2020-12-01,median,4,4,0.0,NULL,7.0000000000000007E-2,4.9000000000000002E-2,7.4999999999999997E-2
ortho,groundwater,2021-04-01,mean,7,7,0.0,8.0571428571428585E-2,NULL,7.1428571428571425E-2,9.2857142857142846E-2
ortho,groundwater,2021-04-01,median,7,7,0.0,NULL,7.4999999999999997E-2,7.0000000000000007E-2,8.5999999999999993E-2
ortho,groundwater,2021-06-01,mean,5,5,0.0,6.9800000000000001E-2,NULL,6.1800000000000001E-2,0.0814
ortho,groundwater,2021-06-01,median,5,5,0.0,NULL,6.5000000000000002E-2,6.0999999999999999E-2,9.1999999999999998E-2
ortho,groundwater,2021-08-01,mean,4,5,0.33333333333333331,6.9750000000000006E-2,NULL,5.7999999999999996E-2,8.6499999999999994E-2
ortho,groundwater,2021-08-01,median,4,5,0.33333333333333331,NULL,6.4500000000000002E-2,0.055,9.5000000000000001E-2
ortho,groundwater,2021-10-01,mean,4,4,0.0,7.1750000000000008E-2,NULL,0.063,8.4750000000000006E-2
ortho,groundwater,2021-10-01,median,4,4,0.0,NULL,6.7500000000000004E-2,6.0999999999999999E-2,9.0999999999999998E-2
ortho,groundwater,2022-02-01,mean,3,3,0.0,8.8000000000000009E-2,NULL,7.3999999999999996E-2,0.109
ortho,groundwater,2022-02-01,median,3,3,0.0,NULL,8.1000000000000003E-2,7.3999999999999996E-2,0.109
ortho,groundwater,2022-03-01,mean,4,4,0.0,7.1250000000000008E-2,NULL,6.5250000000000002E-2,8.0500000000000016E-2
ortho,groundwater,2022-03-01,median,4,4,0.0,NULL,6.8000000000000005E-2,6.4000000000000001E-2,8.5000000000000006E-2
ortho,groundwater,2023-08-01,mean,4,4,0.0,0.03125,NULL,1.7000000000000001E-2,4.8500000000000001E-2
ortho,groundwater,2023-08-01,median,4,4,0.0,NULL,2.4500000000000001E-2,1.7000000000000001E-2,5.8999999999999997E-2
ortho,surface_water,2016-01-01,mean,4,3,0.0,0.13225000000000001,NULL,4.5000000000000005E-3,0.44400000000000001
ortho,surface_water,2016-01-01,median,4,3,0.0,NULL,4.0500000000000001E-2,4.5000000000000005E-3,0.44400000000000001
ortho,surface_water,2016-02-01,mean,4,4,0.0,6.1499999999999999E-2,NULL,4.0000000000000001E-3,0.09799999999999999
ortho,surface_water,2016-02-01,median,4,4,0.0,NULL,6.6500000000000004E-2,4.0000000000000001E-3,9.8000000000000004E-2
ortho,surface_water,2016-03-01,mean,4,3,0.33333333333333331,6.5500000000000003E-2,NULL,0.039,9.1999999999999998E-2
ortho,surface_water,2016-03-01,median,4,3,0.33333333333333331,NULL,6.4000000000000001E-2,0.039,9.1999999999999998E-2
ortho,surface_water,2016-04-01,mean,4,4,0.44444444444444442,0.07350000000000001,NULL,4.0000000000000001E-2,0.10699999999999998
ortho,surface_water,2016-04-01,median,4,4,0.44444444444444442,NULL,6.7500000000000004E-2,4.0000000000000001E-2,0.107
ortho,surface_water,2016-05-01,mean,5,4,0.44444444444444442,0.10640000000000001,NULL,4.3000000000000003E-2,0.1486666666666667
ortho,surface_water,2016-05-01,median,5,4,0.44444444444444442,NULL,0.113,4.2999999999999997E-2,0.14599999999999999
ortho,surface_water,2016-06-01,mean,5,4,0.25,0.10680000000000001,NULL,2.9000000000000005E-2,0.15866666666666671
ortho,surface_water,2016-06-01,median,5,4,0.25,NULL,0.124,2.9000000000000001E-2,0.161
ortho,surface_water,2016-07-01,mean,5,3,0.44444444444444442,0.13059999999999999,NULL,6.6500000000000004E-2,0.17333333333333334
ortho,surface_water,2016-07-01,median,5,3,0.44444444444444442,NULL,0.14000000000000001,6.6500000000000004E-2,0.17799999999999999
ortho,surface_water,2016-08-01,mean,5,7,0.375,0.12520000000000001,NULL,4.4999999999999998E-2,0.17866666666666667
ortho,surface_water,2016-08-01,median,5,7,0.375,NULL,0.16500000000000001,4.4999999999999998E-2,0.184
ortho,surface_water,2016-09-01,mean,3,4,0.5714285714285714,0.10466666666666667,NULL,5.8999999999999997E-2,0.1275
ortho,surface_water,2016-09-01,median,3,4,0.5714285714285714,NULL,0.122,5.8999999999999997E-2,0.1275
ortho,surface_water,2016-10-01,mean,3,5,0.5,6.0999999999999999E-2,NULL,5.0000000000000001E-3,0.11
ortho,surface_water,2016-10-01,median,3,5,0.5,NULL,6.8000000000000005E-2,5.0000000000000001E-3,0.11
ortho,surface_water,2016-11-01,mean,2,3,0.66666666666666663,0.10299999999999999,NULL,5.7000000000000002E-2,0.14899999999999999
ortho,surface_water,2016-11-01,median,2,3,0.66666666666666663,NULL,0.10299999999999999,5.7000000000000002E-2,0.14899999999999999
ortho,surface_water,2016-12-01,mean,4,3,0.0,0.04725,NULL,5.0000000000000001E-3,0.11600000000000001
ortho,surface_water,2016-12-01,median,4,3,0.0,NULL,3.4000000000000002E-2,5.0000000000000001E-3,0.11600000000000001
ortho,surface_water,2017-01-01,mean,4,3,0.0,4.9999999999999996E-2,NULL,4.5000000000000005E-3,0.105
ortho,surface_water,2017-01-01,median,4,3,0.0,NULL,4.5499999999999999E-2,4.5000000000000005E-3,0.105
ortho,surface_water,2017-02-01,mean,4,3,0.0,0.31224999999999997,NULL,4.0000000000000001E-3,0.56300000000000006
ortho,surface_water,2017-02-01,median,4,3,0.0,NULL,0.13950000000000001,4.0000000000000001E-3,0.56299999999999994
ortho,surface_water,2017-03-01,mean,4,5,0.44444444444444442,0.19850000000000001,NULL,7.2000000000000008E-2,0.32500000000000001
ortho,surface_water,2017-03-01,median,4,5,0.44444444444444442,NULL,0.124,7.2000000000000008E-2,0.32500000000000001
ortho,surface_water,2017-04-01,mean,3,5,0.5,7.0999999999999994E-2,NULL,5.0999999999999997E-2,8.1000000000000003E-2
ortho,surface_water,2017-04-01,median,3,5,0.5,NULL,6.9000000000000006E-2,5.0999999999999997E-2,8.1000000000000003E-2
ortho,surface_water,2017-05-01,mean,4,3,0.33333333333333331,9.7249999999999989E-2,NULL,5.0000000000000003E-2,0.14449999999999999
ortho,surface_water,2017-05-01,median,4,3,0.33333333333333331,NULL,7.9500000000000001E-2,5.0000000000000003E-2,0.14449999999999999
ortho,surface_water,2017-06-01,mean,5,4,0.44444444444444442,0.1076,NULL,2.8000000000000001E-2,0.16066666666666668
ortho,surface_water,2017-06-01,median,5,4,0.44444444444444442,NULL,0.115,2.8000000000000001E-2,0.17000000000000001
ortho,surface_water,2017-07-01,mean,5,5,0.40000000000000002,0.1706,NULL,6.1499999999999999E-2,0.24333333333333337
ortho,surface_water,2017-07-01,median,5,5,0.40000000000000002,NULL,0.17899999999999999,6.1499999999999999E-2,0.20100000000000001
ortho,surface_water,2017-08-01,mean,5,4,0.25,0.187,NULL,6.6500000000000004E-2,0.26733333333333337
ortho,surface_water,2017-08-01,median,5,4,0.25,NULL,0.25800000000000001,6.6500000000000004E-2,0.26100000000000001
ortho,surface_water,2017-09-01,mean,3,3,0.0,5.3999999999999999E-2,NULL,5.0000000000000001E-3,9.5000000000000015E-2
ortho,surface_water,2017-09-01,median,3,3,0.0,NULL,0.062,5.0000000000000001E-3,9.5000000000000001E-2
ortho,surface_water,2017-10-01,mean,2,5,0.66666666666666663,7.1499999999999994E-2,NULL,5.3999999999999999E-2,8.8999999999999996E-2
ortho,surface_water,2017-10-01,median,2,5,0.66666666666666663,NULL,7.1499999999999994E-2,5.3999999999999999E-2,8.8999999999999996E-2
ortho,surface_water,2017-11-01,mean,3,4,0.5714285714285714,6.0666666666666667E-2,NULL,4.0000000000000001E-3,0.10299999999999999
ortho,surface_water,2017-11-01,median,3,4,0.5714285714285714,NULL,7.4999999999999997E-2,4.0000000000000001E-3,0.10299999999999999
ortho,surface_water,2017-12-01,mean,4,4,0.33333333333333331,4.9500000000000002E-2,NULL,7.4999999999999997E-3,0.10375
ortho,surface_water,2017-12-01,median,4,4,0.33333333333333331,NULL,0.0385,5.0000000000000001E-3,0.11600000000000001
ortho,surface_water,2018-01-01,mean,2,4,0.5714285714285714,8.3500000000000005E-2,NULL,5.2999999999999999E-2,0.114
ortho,surface_water,2018-01-01,median,2,4,0.5714285714285714,NULL,8.3500000000000005E-2,5.2999999999999999E-2,0.114
ortho,surface_water,2018-02-01,mean,5,4,0.0,4.9000000000000002E-2,NULL,4.0000000000000001E-3,0.08199999999999999
ortho,surface_water,2018-02-01,median,5,4,0.0,NULL,0.047,4.0000000000000001E-3,9.1999999999999998E-2
ortho,surface_water,2018-03-01,mean,4,4,0.2857142857142857,6.3500000000000001E-2,NULL,0.0395,8.7500000000000008E-2
ortho,surface_water,2018-03-01,median,4,4,0.2857142857142857,NULL,6.1499999999999999E-2,0.0395,8.7499999999999994E-2
ortho,surface_water,2018-04-01,mean,5,4,0.0,6.1600000000000009E-2,NULL,5.0000000000000001E-3,0.11199999999999999
ortho,surface_water,2018-04-01,median,5,4,0.0,NULL,4.1000000000000002E-2,5.0000000000000001E-3,0.112
ortho,surface_water,2018-05-01,mean,6,4,0.25,7.0333333333333345E-2,NULL,5.0000000000000001E-3,0.11166666666666668
ortho,surface_water,2018-05-01,median,6,4,0.25,NULL,7.2500000000000009E-2,5.0000000000000001E-3,0.108
ortho,surface_water,2018-06-01,mean,6,6,0.36363636363636365,8.6166666666666655E-2,NULL,8.0000000000000002E-3,0.1343333333333333
ortho,surface_water,2018-06-01,median,6,6,0.36363636363636365,NULL,8.6499999999999994E-2,8.0000000000000002E-3,0.12
ortho,surface_water,2018-07-01,mean,5,4,0.2857142857142857,0.1434,NULL,5.0000000000000001E-3,0.22333333333333336
ortho,surface_water,2018-07-01,median,5,4,0.2857142857142857,NULL,0.13200000000000001,5.0000000000000001E-3,0.23400000000000001
ortho,surface_water,2018-08-01,mean,7,6,0.20000000000000001,9.4428571428571431E-2,NULL,2.2499999999999999E-2,0.151
ortho,surface_water,2018-08-01,median,7,6,0.20000000000000001,NULL,5.9999999999999998E-2,4.0000000000000001E-3,0.16500000000000001
ortho,surface_water,2018-09-01,mean,6,7,0.40000000000000002,7.0499999999999993E-2,NULL,3.3000000000000002E-2,9.7166666666666665E-2
ortho,surface_water,2018-09-01,median,6,7,0.40000000000000002,NULL,7.2500000000000009E-2,5.0000000000000001E-3,0.106
ortho,surface_water,2018-10-01,mean,5,7,0.40000000000000002,7.1600000000000011E-2,NULL,3.4999999999999996E-2,0.1004
ortho,surface_water,2018-10-01,median,5,7,0.40000000000000002,NULL,7.6999999999999999E-2,5.0000000000000001E-3,0.11600000000000001
ortho,surface_water,2018-11-01,mean,4,6,0.59999999999999998,7.9750000000000001E-2,NULL,7.5999999999999998E-2,8.3500000000000005E-2
ortho,surface_water,2018-11-01,median,4,6,0.59999999999999998,NULL,8.0500000000000002E-2,7.3999999999999996E-2,8.4000000000000005E-2
ortho,surface_water,2018-12-01,mean,5,6,0.25,8.0200000000000007E-2,NULL,0.039,0.10980999999999992
ortho,surface_water,2018-12-01,median,5,6,0.25,NULL,9.0999999999999998E-2,4.0000000000000001E-3,0.123
ortho,surface_water,2019-01-01,mean,2,3,0.5,7.6999999999999999E-2,NULL,7.5999999999999998E-2,0.078
ortho,surface_water,2019-01-01,median,2,3,0.5,NULL,7.6999999999999999E-2,7.5999999999999998E-2,0.078
ortho,surface_water,2019-03-01,mean,8,5,0.0,7.5500000000000012E-2,NULL,3.1222222222222224E-2,0.11692222222222204
ortho,surface_water,2019-03-01,median,8,5,0.0,NULL,7.7499999999999999E-2,7.0000000000000001E-3,0.129
ortho,surface_water,2019-04-01,mean,7,7,0.20000000000000001,0.06528571428571428,NULL,3.3500000000000002E-2,8.8333333333333347E-2
ortho,surface_water,2019-04-01,median,7,7,0.20000000000000001,NULL,0.063,3.0499999999999999E-2,8.8999999999999996E-2
ortho,surface_water,2019-05-01,mean,7,5,0.22222222222222221,8.4285714285714297E-2,NULL,0.06257142857142857,0.10539999999999998
ortho,surface_water,2019-05-01,median,7,5,0.22222222222222221,NULL,7.1999999999999995E-2,6.5000000000000002E-2,0.112
ortho,surface_water,2019-06-01,mean,6,7,0.36363636363636365,9.2666666666666675E-2,NULL,7.1999999999999995E-2,0.12371428571428571
ortho,surface_water,2019-06-01,median,6,7,0.36363636363636365,NULL,7.4999999999999997E-2,7.0999999999999994E-2,0.127
ortho,surface_water,2019-07-01,mean,8,6,0.33333333333333331,0.11599999999999999,NULL,4.0666666666666677E-2,0.16788888888888887
ortho,surface_water,2019-07-01,median,8,6,0.33333333333333331,NULL,0.10200000000000001,6.0000000000000001E-3,0.19600000000000001
ortho,surface_water,2019-08-01,mean,8,8,0.30769230769230771,0.143875,NULL,4.8333333333333332E-2,0.2198181818181818
ortho,surface_water,2019-08-01,median,8,8,0.30769230769230771,NULL,0.10200000000000001,4.0500000000000001E-2,0.26900000000000002
ortho,surface_water,2019-09-01,mean,5,4,0.0,0.0872,NULL,2.7000000000000003E-2,0.12742857142857145
ortho,surface_water,2019-09-01,median,5,4,0.0,NULL,9.6000000000000002E-2,4.0000000000000001E-3,0.10100000000000001
ortho,surface_water,2019-10-01,mean,5,9,0.5714285714285714,0.0654,NULL,3.4200000000000001E-2,8.8599999999999984E-2
ortho,surface_water,2019-10-01,median,5,9,0.5714285714285714,NULL,7.4999999999999997E-2,7.0000000000000001E-3,9.8000000000000004E-2
ortho,surface_water,2019-11-01,mean,5,6,0.44444444444444442,7.5200000000000003E-2,NULL,3.7199999999999997E-2,0.10859999999999999
ortho,surface_water,2019-11-01,median,5,6,0.44444444444444442,NULL,7.5999999999999998E-2,5.0000000000000001E-3,0.124
ortho,surface_water,2019-12-01,mean,6,5,0.0,6.7333333333333342E-2,NULL,2.7000000000000003E-2,0.10540000000000001
ortho,surface_water,2019-12-01,median,6,5,0.0,NULL,8.9999999999999997E-2,4.0000000000000001E-3,0.115
ortho,surface_water,2020-01-01,mean,5,6,0.25,0.062,NULL,0.0332,8.7599999999999997E-2
ortho,surface_water,2020-01-01,median,5,6,0.25,NULL,6.8000000000000005E-2,8.9999999999999993E-3,0.104
ortho,surface_water,2020-02-01,mean,4,6,0.2857142857142857,6.0749999999999998E-2,NULL,2.1749999999999999E-2,8.9499999999999996E-2
ortho,surface_water,2020-02-01,median,4,6,0.2857142857142857,NULL,7.1000000000000008E-2,4.0000000000000001E-3,9.7000000000000003E-2
ortho,surface_water,2020-03-01,mean,6,9,0.25,6.6666666666666652E-2,NULL,5.2285714285714283E-2,8.5142857142857117E-2
ortho,surface_water,2020-03-01,median,6,9,0.25,NULL,5.9999999999999998E-2,5.6000000000000001E-2,8.8999999999999996E-2
ortho,surface_water,2020-04-01,mean,6,5,0.25,7.4166666666666659E-2,NULL,3.4250000000000003E-2,0.13085714285714287
ortho,surface_water,2020-04-01,median,6,5,0.25,NULL,4.2999999999999997E-2,3.4000000000000002E-2,0.14399999999999999
ortho,surface_water,2020-05-01,mean,7,5,0.22222222222222221,0.10300000000000001,NULL,5.0666666666666665E-2,0.15790000000000001
ortho,surface_water,2020-05-01,median,7,5,0.22222222222222221,NULL,5.8999999999999997E-2,4.9000000000000002E-2,0.17000000000000001
ortho,surface_water,2020-06-01,mean,8,11,0.21428571428571427,0.113375,NULL,0.0504,0.16238461538461538
ortho,surface_water,2020-06-01,median,8,11,0.21428571428571427,NULL,9.5500000000000002E-2,4.4999999999999998E-2,0.123
ortho,surface_water,2020-07-01,mean,7,11,0.125,0.10571428571428572,NULL,0.0528,0.16009999999999999
ortho,surface_water,2020-07-01,median,7,11,0.125,NULL,0.063,5.0000000000000003E-2,0.17299999999999999
ortho,surface_water,2020-08-01,mean,8,13,7.1428571428571425E-2,8.5375000000000006E-2,NULL,2.4950000000000007E-2,0.15933333333333333
ortho,surface_water,2020-08-01,median,8,13,7.1428571428571425E-2,NULL,6.0999999999999999E-2,4.0000000000000001E-3,0.182
ortho,surface_water,2020-09-01,mean,8,15,0.38095238095238093,8.5375000000000006E-2,NULL,0.05971428571428572,0.10729999999999999
ortho,surface_water,2020-09-01,median,8,15,0.38095238095238093,NULL,8.5999999999999993E-2,6.4000000000000001E-2,0.10300000000000001
ortho,surface_water,2020-10-01,mean,2,5,0.80000000000000004,8.8499999999999995E-2,NULL,8.5999999999999993E-2,9.0999999999999998E-2
ortho,surface_water,2020-10-01,median,2,5,0.80000000000000004,NULL,8.8499999999999995E-2,8.5999999999999993E-2,9.0999999999999998E-2
ortho,surface_water,2020-11-01,mean,2,5,0.59999999999999998,9.5500000000000002E-2,NULL,8.9999999999999997E-2,0.10100000000000001
ortho,surface_water,2020-11-01,median,2,5,0.59999999999999998,NULL,9.5500000000000002E-2,8.9999999999999997E-2,0.10100000000000001
ortho,surface_water,2020-12-01,mean,5,7,0.40000000000000002,0.10440000000000001,NULL,8.4000000000000005E-2,0.13159999999999999
ortho,surface_water,2020-12-01,median,5,7,0.40000000000000002,NULL,9.7000000000000003E-2,7.6999999999999999E-2,0.155
ortho,surface_water,2021-01-01,mean,2,3,0.66666666666666663,0.078,NULL,6.6000000000000003E-2,8.9999999999999997E-2
ortho,surface_water,2021-01-01,median,2,3,0.66666666666666663,NULL,0.078,6.6000000000000003E-2,8.9999999999999997E-2
ortho,surface_water,2021-02-01,mean,2,5,0.5714285714285714,6.6500000000000004E-2,NULL,5.3999999999999999E-2,7.9000000000000001E-2
ortho,surface_water,2021-02-01,median,2,5,0.5714285714285714,NULL,6.6500000000000004E-2,5.3999999999999999E-2,7.9000000000000001E-2
ortho,surface_water,2021-03-01,mean,4,10,0.23529411764705882,6.5249999999999989E-2,NULL,4.7500000000000001E-2,8.3000000000000004E-2
ortho,surface_water,2021-03-01,median,4,10,0.23529411764705882,NULL,6.6000000000000003E-2,4.7500000000000001E-2,0.08299999999999999
ortho,surface_water,2021-04-01,mean,8,17,0.17647058823529413,7.4124999999999996E-2,NULL,3.9285714285714292E-2,0.107
ortho,surface_water,2021-04-01,median,8,17,0.17647058823529413,NULL,7.4499999999999997E-2,0.031,0.124
ortho,surface_water,2021-05-01,mean,5,12,0.20689655172413793,8.1599999999999978E-2,NULL,0.0465,0.105
ortho,surface_water,2021-05-01,median,5,12,0.20689655172413793,NULL,9.6000000000000002E-2,0.0465,9.9000000000000005E-2
ortho,surface_water,2021-06-01,mean,7,19,0.16216216216216217,6.9571428571428576E-2,NULL,3.2564285714285712E-2,0.10971428571428572
ortho,surface_water,2021-06-01,median,7,19,0.16216216216216217,NULL,4.2000000000000003E-2,0.019,0.127
ortho,surface_water,2021-07-01,mean,4,12,0.25,0.13675000000000001,NULL,8.1000000000000003E-2,0.15533333333333335
ortho,surface_water,2021-07-01,median,4,12,0.25,NULL,0.14749999999999999,8.1000000000000003E-2,0.154
ortho,surface_water,2021-08-01,mean,9,18,0.20000000000000001,0.10722222222222223,NULL,3.9657142857142863E-2,0.16166666666666668
ortho,surface_water,2021-08-01,median,9,18,0.20000000000000001,NULL,9.2999999999999999E-2,2.5999999999999999E-2,0.185
ortho,surface_water,2021-09-01,mean,6,14,0.29999999999999999,7.8333333333333338E-2,NULL,5.0799999999999998E-2,0.10199999999999999
ortho,surface_water,2021-09-01,median,6,14,0.29999999999999999,NULL,7.4999999999999997E-2,3.2000000000000001E-2,0.11600000000000001
ortho,surface_water,2021-10-01,mean,2,10,0.375,8.3999999999999991E-2,NULL,2.1000000000000001E-2,0.14699999999999999
ortho,surface_water,2021-10-01,median,2,10,0.375,NULL,8.3999999999999991E-2,2.1000000000000001E-2,0.14699999999999999
ortho,surface_water,2021-11-01,mean,3,8,0.40000000000000002,4.8666666666666671E-2,NULL,2.1000000000000001E-2,6.6000000000000003E-2
ortho,surface_water,2021-11-01,median,3,8,0.40000000000000002,NULL,5.8999999999999997E-2,2.1000000000000001E-2,6.6000000000000003E-2
ortho,surface_water,2021-12-01,mean,2,3,0.66666666666666663,7.3499999999999996E-2,NULL,5.0999999999999997E-2,9.6000000000000002E-2
ortho,surface_water,2021-12-01,median,2,3,0.66666666666666663,NULL,7.3499999999999996E-2,5.0999999999999997E-2,9.6000000000000002E-2
ortho,surface_water,2022-01-01,mean,3,4,0.33333333333333331,5.6000000000000001E-2,NULL,6.000000000000001E-3,0.113
ortho,surface_water,2022-01-01,median,3,4,0.33333333333333331,NULL,4.9000000000000002E-2,6.0000000000000001E-3,0.113
ortho,surface_water,2022-02-01,mean,5,8,0.40000000000000002,7.8599999999999989E-2,NULL,0.0482,0.11879999999999999
ortho,surface_water,2022-02-01,median,5,8,0.40000000000000002,NULL,6.5000000000000002E-2,3.4000000000000002E-2,0.14999999999999999
ortho,surface_water,2022-03-01,mean,7,8,0.46153846153846156,0.17014285714285715,NULL,8.1333333333333327E-2,0.32199999999999995
ortho,surface_water,2022-03-01,median,7,8,0.46153846153846156,NULL,8.8999999999999996E-2,4.2000000000000003E-2,0.32900000000000001
ortho,surface_water,2022-04-01,mean,4,4,0.5,4.5499999999999999E-2,NULL,3.4500000000000003E-2,5.6500000000000002E-2
ortho,surface_water,2022-04-01,median,4,4,0.5,NULL,4.5999999999999999E-2,3.4500000000000003E-2,5.6500000000000002E-2
ortho,surface_water,2022-05-01,mean,6,5,0.40000000000000002,5.4166666666666669E-2,NULL,8.0000000000000002E-3,7.1333333333333346E-2
ortho,surface_water,2022-05-01,median,6,5,0.40000000000000002,NULL,6.1499999999999999E-2,8.0000000000000002E-3,6.8000000000000005E-2
ortho,surface_water,2022-06-01,mean,5,5,0.40000000000000002,7.9000000000000001E-2,NULL,4.3000000000000003E-2,0.10299999999999999
ortho,surface_water,2022-06-01,median,5,5,0.40000000000000002,NULL,8.6999999999999994E-2,4.2999999999999997E-2,9.8000000000000004E-2
ortho,surface_water,2022-07-01,mean,5,5,0.54545454545454541,0.11360000000000001,NULL,5.7500000000000009E-2,0.151
ortho,surface_water,2022-07-01,median,5,5,0.54545454545454541,NULL,0.13700000000000001,5.7500000000000002E-2,0.158
ortho,surface_water,2022-08-01,mean,5,6,0.5,0.12359999999999997,NULL,5.5499999999999994E-2,0.16900000000000001
ortho,surface_water,2022-08-01,median,5,6,0.5,NULL,0.155,5.5499999999999994E-2,0.17399999999999999
ortho,surface_water,2022-09-01,mean,4,3,0.0,6.5500000000000003E-2,NULL,4.0000000000000001E-3,0.1095
ortho,surface_water,2022-09-01,median,4,3,0.0,NULL,6.9500000000000006E-2,4.0000000000000001E-3,0.1095
ortho,surface_water,2022-10-01,mean,2,6,0.72727272727272729,8.1500000000000003E-2,NULL,8.0000000000000002E-2,8.3000000000000004E-2
ortho,surface_water,2022-10-01,median,2,6,0.72727272727272729,NULL,8.1500000000000003E-2,8.0000000000000002E-2,8.3000000000000004E-2
ortho,surface_water,2022-11-01,mean,2,4,0.75,0.0935,NULL,8.4000000000000005E-2,0.10299999999999999
ortho,surface_water,2022-11-01,median,2,4,0.75,NULL,0.0935,8.4000000000000005E-2,0.10299999999999999
ortho,surface_water,2022-12-01,mean,2,3,0.0,9.0999999999999998E-2,NULL,8.1000000000000003E-2,0.10100000000000001
ortho,surface_water,2022-12-01,median,2,3,0.0,NULL,9.0999999999999998E-2,8.1000000000000003E-2,0.10100000000000001
ortho,surface_water,2023-01-01,mean,3,5,0.66666666666666663,3.3666666666666664E-2,NULL,6.000000000000001E-3,8.7000000000000008E-2
ortho,surface_water,2023-01-01,median,3,5,0.66666666666666663,NULL,8.0000000000000002E-3,6.0000000000000001E-3,8.6999999999999994E-2
ortho,surface_water,2023-02-01,mean,3,3,0.40000000000000002,9.0333333333333335E-2,NULL,0.062,0.10450000000000001
ortho,surface_water,2023-02-01,median,3,3,0.40000000000000002,NULL,8.4000000000000005E-2,0.062,0.10450000000000001
ortho,surface_water,2023-03-01,mean,4,4,0.2857142857142857,9.2249999999999999E-2,NULL,6.8000000000000005E-2,0.11650000000000001
ortho,surface_water,2023-03-01,median,4,4,0.2857142857142857,NULL,8.0000000000000002E-2,6.8000000000000005E-2,0.11649999999999999
ortho,surface_water,2023-04-01,mean,4,6,0.5,0.11200000000000002,NULL,6.9500000000000006E-2,0.1545
ortho,surface_water,2023-04-01,median,4,6,0.5,NULL,7.4499999999999997E-2,6.9500000000000006E-2,0.1545
ortho,surface_water,2023-05-01,mean,5,4,0.44444444444444442,0.07619999999999999,NULL,6.6500000000000004E-2,8.2666666666666666E-2
ortho,surface_water,2023-05-01,median,5,4,0.44444444444444442,NULL,7.6999999999999999E-2,6.6500000000000004E-2,8.0000000000000002E-2
ortho,surface_water,2023-06-01,mean,5,6,0.40000000000000002,7.4999999999999997E-2,NULL,8.9999999999999993E-3,0.11550000000000001
ortho,surface_water,2023-06-01,median,5,6,0.40000000000000002,NULL,7.4999999999999997E-2,8.9999999999999993E-3,0.11550000000000001
ortho,surface_water,2023-07-01,mean,1,2,0.66666666666666663,0.154,NULL,0.154,0.154
ortho,surface_water,2023-07-01,median,1,2,0.66666666666666663,NULL,0.154,0.154,0.154
ortho,surface_water,2023-08-01,mean,3,5,0.2857142857142857,7.9666666666666663E-2,NULL,4.0000000000000001E-3,0.17699999999999996
ortho,surface_water,2023-08-01,median,3,5,0.2857142857142857,NULL,5.8000000000000003E-2,4.0000000000000001E-3,0.17699999999999999
